published_at,body,summary,title,url
1631359793.0,υπεροχες σωστες ερωτηση απο nataly_argyraki κυριας ανασολγου μονο συγχαρητηριας επιλογης 2η συνεχομενη σεζον kalytera_alpha kalytera γυναικοκτονιας metoo,,,https://twitter.com/
1631359772.0,oυτε ζουμπουλιας μιλουσε τοσος οπισθοδρομικα αντε πετουσε κανενας ειναι μαρη μιτος εληγε εκω ηταν ξεπερασε χωρις αγγιξω metoo xamogelakaipali kalytera,,,https://twitter.com/
1631359712.0,ετσι έλεγες κόρη σος έδειχνε αδυναμία φιλιππίδη ηθοποιός γνωστό αδυναμία βιασμός αδυναμίος ντροπής σος xamogelakaipali metoo,,,https://twitter.com/
1631359680.0,υποστηρίξω γυναίκα πέφτω θύμα βιασμός γυναίκος μάνα ηθοποιός ελισάβετ κωνσταντινίδος ξεπλένω συνάδερφο χειρότερος δικαιολογία λέω ηθοποιός αδυναμία εκπομπή υποστήριξε κίνημας metoo,,,https://twitter.com/
1631359427.0,ειδα δηλώση ελισάβετ κωνσταντινίδος εχω σιχαθώ δυνατών ακούστηκε επιχείρημα εχετε κάνω πράγμα ντρέπομαι βιασμός παρενοχλησης έγκλημας metoo,,,https://twitter.com/
1631359157.0,πέντε κοιτώ πάρτη metoo metoogr,,,https://twitter.com/
1631358598.0,oλος εχω αδυναμιας αρκω αδυναμιας ειναι ποινικος αδικηματας δοξας καραδοξος nataliagermanou αλλης φορος απαντησης ελισαβετ κωνδος metoo kalytera φιλιππιδη xamogelakaipali,,,https://twitter.com/
1631358579.0,αδυναμία φας 2 πίτα γύρος κάνη δίαιτα αδυναμία ξοδέψη μισθός σος πράγμα χρειάζεσαι αδυναμία πράττη ποινικά αδικήματας kρίμος ελισάβετ κωνσταντινίδουkalytera metoo,,,https://twitter.com/
1631358402.0,kalytera xamogelakaipali metoo,,,https://twitter.com/
1631358382.0,κρεμασω κιολα φιλιππιδη εχω αδυναμιας ηθοποιος ελισαβετ κωνδος πω απλα σκασε metoo kalytera,,,https://twitter.com/
1631358315.0,αληθειας καταλαβαινω γιατι πρεπω δικαιολουνται αδικαιολογητος ειτος ομηρο ευστρατιαδης ειτος σημερα xamogelakaipali ελισαβετ κωνσταντινιδος υπαρχω δικαιολογιος τετοιες υποθεση metoo kalytera φιλιππιδης,,,https://twitter.com/
1631357587.0,βιασμός οποιοδήποτε είδος βία αδυναμία ξεπλένω βία ασέβεια θύματαεπιζώντας άτομο σεβαστώ επιτέλους metoo,,,https://twitter.com/
1631357583.0,αδυναμίες ξέρω ποια αντέχω μού σερβίρω κακοποιητικας συμπεριφορά essence νεραϊδόσκονης αδυνατω χωνέψω xamogelakaipali metoo metoogr,,,https://twitter.com/
1631357483.0,βγηκε λέω βιασμός μικρό πταίσμα λέω κάνω ντρπομαι μωρή φωκιας κάνω βιασμός  xamogelakaipali openweekend metoo,,,https://twitter.com/
1631356670.0,xamogelakaipali αδυναμία πηγαίνω ψυγείο 200 βράδυ καί τρώω βλακεία διατροφή δίαιτας βιασμός λέω ελισάβετ κωνσταντινίδος εκπομπή επικίνδυνος ξεπλένω βιαστής metoo,,,https://twitter.com/
1631356340.0,mega channel επίσημος πλυντήριο εμετικό επίσημος xamogelakaipali metoo,,,https://twitter.com/
1631356248.0,κυρία κωνσταντινίδος αδυναμία βιασμός σεξουαλικός παρενόχληση αδυναμία τρώω κουτί σοκολατάκι xamogelakaipali metoogr metoo,,,https://twitter.com/
1631355764.0,εκπομπή ξεχώρομαι περσινός σεζόν κίνημας metoo κάνω σημαία καλό ακούγομαι απόψη αέρας παίρνω θέση xamogelakaipali,,,https://twitter.com/
1631355403.0,ρε φίλε ξεπλένω φιλιππίδη σιχαμένος βιαστής ειναι αξίζω σαπίσω φυλακή xamogelakaipali metoo metoogr,,,https://twitter.com/
1631354952.0,κρίμα συμπαθούσος metoogr metoo xamogelakaipali,,,https://twitter.com/
1631354301.0,κοινό εχω βάνος μπάρμπας κωνσταντινίδουτις εχει ξεπεράσω δύο εποχήδεν καταλαβαίνω απο metoo δύο απόσυρσηxamogelakaipali,,,https://twitter.com/
1631353951.0,μπράβο καλός πρεμιέρα xamogelakaipali σήμερα συγχαρητήρια ελισαβετ υπερασπίστηκε φιλιππιδη διαχωρίζω κάνω ειχε λογο παρενοχλω βιασω δλδ ναιεγω βλέπω sympetheroiaptatirana επδ φταινε τιποτας αλλος αλλας καπου ελεος metoo,,,https://twitter.com/
1631353947.0,λες τωρας κας sissychristidou ξεπλύνω ξέρω γυρίσω τσολακη μεγάλος κανάλι μεγάλες υποχρεώση φαίνεται περισυ κάνατε αγώνας κίνημας metoo κωλοτουμπας xamogelakaipali,,,https://twitter.com/
1631353652.0,ξαναπούμε κατανοώ πλήρως πολλός φορά δύσκολος αποδεχθούω φίλος γνωστός κάνω φρικτά πράγμα ξέπλυμα κωνσταντιδος κατάπτυστος πείτος κυρία θύμα λόγο συνέβησανόλος xamogelakaipali metoo,,,https://twitter.com/
1631353515.0,σήμερα 1700 σιντριβάνι δεθ2021 metoo metoogr lgbtq,,,https://twitter.com/
1631353027.0,ειπος ελισαβετ κωνσταντινιδος ειναι ξεκάθαρα γλωσσας κοκκαλας εχω κοκκαλας τσακιζω φιλιππιδη xamogelakaipali metoo sympetheroiaptatirana,,,https://twitter.com/
1631352630.0,xamogelakaipali κύριος ελισάβετ κωσταντινιδη ρωτώ κάνω πράγμα ντρεπομαστεπολλααλλας σημείο βιασω ηθικά σωματικά ανθρωπο φιλιππιδη αιτιολογείτε ευθαρσως metoo,,,https://twitter.com/
1631352579.0,εξηγησω καποιος ζουμπουλίας κανη κατι ντρεπεσαι αλλο κανη ποινικος αδικημας αλλο βιαζη σωμας ψυχης κοπελα αααα χαθώ ολος θελω σωσω φαρας μπουντρουμια xamogelakaipali metoo metoogr,,,https://twitter.com/
1631352537.0,ξεκίνώ θέμα metoo ηθοποιός βροντοφώναζαν ξέρω πάντας γινάμαι μπορέσω κατηγορώ μενδωνης έκραξε κοινωνία έλεγαν ξέρω γύρομαι ξέρω ξεφτιλα xamogelakaipali,,,https://twitter.com/
1631352390.0,h ελισαβετ κωνσταντινιδος μίλώ υπερ φιλππιδη σκηνοθέτης ηθοποιός οτι ειναι συγκλονιστικός διαχωρίζω κάνω θύμα εντάξω κρίμα μπορώ σχολιασω κατι διοτι ολος γελώ ρόλος αλλαxamogelakaipali metoogr metoo,,,https://twitter.com/
1631351948.0,bigbrother ευδοκία τσαγκλή παράνοια αρειανάρα ουράνια  metoo εμβολιασμος θεσσαλονίκης δεθ2021 xamogelakaipali,,,https://twitter.com/
1631347399.0,καλό κορίτσι οικογένειάς παιδάκι ελληνικό πρωινό infotainment 2021 metoo metoogr,,,https://twitter.com/
1631346180.0,λίγος λεπτό έφτασε δεθ πρωθυπουργός κυριάκος μητσοτάκη  metoo εμβολιασμος θεσσαλονίκης δεθ2021,,,https://twitter.com/
1631345634.0,δεθ αστακός θεσσαλονίκης 5500 αστυνομικούς  metoo εμβολιασμος θεσσαλονίκης δεθ2021,,,https://twitter.com/
1631343683.0,έννοια ανθρώπος συνυφασμένη ρήμα νοιάζομαι προλάβω εγκλήματας αλλάζω οπτικός βλέπω συνάνθρωπός τηλεόρασης σκαϊ γιώργος αυτί metoo georgepsillias,,,https://twitter.com/
1631343649.0,κώστα κρομμύδα μιλάς ακάκιος συγγραφή κίνημας metoo hernews bayaant kostaskrommydas,,,https://twitter.com/
1631343242.0,σεισμός τωρας θήβα  metoo εμβολιασμος θεσσαλονίκης δεθ2021,,,https://twitter.com/
1631343001.0,νέος καθεστώς μετακινήσεας ηπειρωτικού νησιωτικούς προορισμού αεροπλάνο τρένα κτελ  m metoo εμβολιασμος θεσσαλονίκης δεθ2021,,,https://twitter.com/
1631331807.0,1987 σχολείο επισκεφθήκαμε χώρο προπόνηση αθλητής θεσσαλονίκηπροπονητή χτύπώ ανήλικη αθλήτρια δύναμη θυμάμαι σχήμα παλάμη αποτυπώνομαι γυμνό πόδι αθλήτρια σοκαριστικός έλλειψη αντιδράσεας metoo,,,https://twitter.com/
1631315390.0,2022 ελλαδας χωρις μητσοτακης ακροφασισμο γινομαι τι_ψηφισατε_ρε_μαλακας μητσοτακη_ξερεις_εσυ μητσοτακη_παραιτησος μητσοτακη_καθαρμα παιδικη_εργασιας metoo,,,https://twitter.com/
1631311360.0,εμη ολοι σκοτωνω απραξιας γιατι γραφη ενα tweet ειναι πραξης ειμαστε κτηνη ανθρωπινος προσωπειο ασυνοδευτα εργασια_δομες_ανηλικας εργασία_ανηλίκας παιδικη_εργασιας λιγναδης παιδεραστιος που_ειναι_τα_παιδιας metoo trafficking metoogr,,,https://twitter.com/
1631309334.0,ειναι ασυνοδευτα παιδιας εχω εξαφανιστω χιλιαδες καποια χαθω σπουδασαν θεατρικη τεχνης λιγναδης παιδεραστιος τωρας σπουδασω ξενοδοχειας εργασια_δομες_ανηλικας εργασια_ανηλικων παιδική_εργασίας εχω οριας κτηνωδιας trafficking metoo μητσοτακη,,,https://twitter.com/
1631307607.0,παύλος σιδηρόπουλος μικης_θεοδωρακης  youtube εχε νους παιδι κλεομαι πορτος κλειδι ψεματας λενος εργασια_δομες_ανηλικας εργασια_ανηλικος παιδική_εργασίας ασυνοδευτα που_ειναι_τα_παιδιας λιγναδης παιδεραστιας metoo trafficking,,,https://twitter.com/
1631302888.0,θεσσαλονίκηπορείας οπαδών δικεφάλος βιντεο  metoo εμβολιασμος θεσσαλονίκης δεθ2021,,,https://twitter.com/
1631298252.0,συγκέντρωση οπαδός παοκ καμάρος  metoo εμβολιασμος θεσσαλονίκης δεθ2021,,,https://twitter.com/
1631297711.0,σύλληψη παίκτρια ριάλιτι κοκαΐνη τσάκωσαν προσπαθώ ξεφορτωθώ τουαλέτος  metoo εμβολιασμος θεσσαλονίκης δεθ2021,,,https://twitter.com/
1631297404.0,αποκάλυψη σοκαριστικός μαρτυρίας αθλητρίας ενόργανη έτρεχε αίμα γεννητικά όργανο σεξουαλική_κακοποίησης metoo,,,https://twitter.com/
1631297404.0,αποκάλυψη σοκαριστικός μαρτυρίας αθλητρίας ενόργανη έτρεχε αίμα γεννητικά όργανο σεξουαλική_κακοποίησης metoo,,,https://twitter.com/
1631297175.0,ράλιακρόπολις service park λαμία λευτέρης αυγενάκη ζαντοντ  metoo εμβολιασμος θεσσαλονίκης δεθ2021,,,https://twitter.com/
1631289771.0,θεσσαλονίκης βρέθηκαν βόμβες μολότοφ κάδο δημοτικό σχολείο  metoo εμβολιασμος θεσσαλονίκης,,,https://twitter.com/
1631289506.0,πανταχός μαλάκας ποθ δικαιολογώ υποχρεωτικός εργασία 16 χρόνος παιδί metoo metoogr 16χρονας τι_ψηφισατε_ρε_μαλακες νδ_ξεφτιλες,,,https://twitter.com/
1631288637.0,δημήτρης σταρόβα συγκινητικός ανάρτηση δύο χρόνια θάνατο λαυρέντη μαχαιρίτσας  metoo εμβολιασμος θεσσαλονίκης,,,https://twitter.com/
1631287495.0,ανάμεσάς 160 εντόπισας οποίον αναφέρομαι ενδεχομένωςισωςδενξέρω νημας τουγιώνμυθοπλασία παραθέτω  metoo metoogr ελευθερα_πανεπιστήμιος λοατκι κήνσορας ηθικός τόπος,,,https://twitter.com/
1631285848.0,θεσσαλονίκης εδώλιο επιχειρηματία απαγωγής βιασμός 10χρονης μαρκέλλα  metoo εμβολιασμος,,,https://twitter.com/
1631284856.0,αθωώνω βιαστής αλήθεια έλεος ρε γαμώτο ντροπής metoo,,,https://twitter.com/
1631282908.0,υπάρχω τεκμήριο αθωότητα ξεκαθαρίσω κατάσταση κάκιστος σύνδεσμο προπονήση αποδυτήριος πόσο παίξω κατηγορούμενος βιασμός αθωωθώ πούω εντάξει ατομικός metoo metoogr,,,https://twitter.com/
1631279452.0,metoo metoogr λιγναδης ηλιουπολη σεμεδο καλλιανος παιδικη_εργασιας 16χρονας 16χρονων προσπαθώ γίνουμρ ταϋλάνδη ευρώπη φαίνεται φυσιολογικό ειναι ξεκάθαρος μειώνομαι αριθμός βαλκανικός χώρα περνάν πρακτικά,,,https://twitter.com/
1631279123.0,θυμούμαι ηθικός μίλώ γυναίκα περίοδο metoo περίπτωση λιγνάδη κάνω γαργάρα πρώτον λιγάνδη σαρξ εκ σαρκός δεύτερον φαίνεται περισσότερος παιδί κακοποίώ χώρα,,,https://twitter.com/
1631278517.0,επαινώ στεφανίδος ελληνικός αστυνομία τεχνικού αξιολογότατουςγιατί ανακάλυψαν 5 χρόνια email κοπέλα δέχθηκε επίθεση βιτριόλι υπολογιστής κατηγορούμενηςμος λιγναδης metoo metoogr,,,https://twitter.com/
1631274289.0,γράφω θέλω βγάλω εκδικητικότητας φιλιππιδη λες πήγαινε σπιτι βραχιολάκιας εκδίκαση γινότανε οχι ρε μαλάκα ειναι εκδικητικότηταείναι δικαιοσύνη χέρι λοιπόνδιότι αλλάζω πράμα metoo,,,https://twitter.com/
1631272788.0,κανά νέος τσαγκρώνη πάνος κέφι εισαγγελέας metoo metoogr,,,https://twitter.com/
1631270702.0,απορία κοινωνία ακούω metoo amp βάζω γέλιο κάνω πλάκα amp αστείο τύπου ελλάδας τύπος μπέρι απλά κάνω αβανταδορος παιδεραστός βιαστής παιδοφιλος amp πληρώνομαι αδρά _ _ _,,,https://twitter.com/
1631265978.0,εργασια_δομες_ανηλικας δεχτω amp αυτος ησυχη συνειδησης παρακολουθωντα αφορος δικος παιδιος που_ειναι_τα_παιδιας λιγναδης metoogr metoo παιδικη_εργασιας δικαιωματα_του_παιδιος παιδεραστια κακοποιησης,,,https://twitter.com/
1631260390.0,συγκεντρώση πορεία σήμερα κέντρο θεσσαλονίκη  metoo εμβολιασμος θεσσαλονίκης,,,https://twitter.com/
1631260242.0,metoo metoogr just world hypothesis προστατεύω υπόθεση δίκαιος κόσμος the just world hypothesis πόσο γινάμαι αμφισβητώ πόσο ευάλωτους άφηνε,,,https://twitter.com/
1631260114.0,πρεμιέρα κινητοποιήσεας πορεία υγειονομικός κέντρο θεσσαλονίκη  metoo εμβολιασμος θεσσαλονίκης,,,https://twitter.com/
1631260094.0,metoo α λα καρτ περιμένω σαγόνι ασβέστη υπόλοιπος τρωκτικά βόθρος δώσω αναλυτικό ρεπόρτ sdnaxeftiles vazeletta ουτε_κλικ_στο_βοθρο,,,https://twitter.com/
1631258929.0,ξεσπώ όμηρος ευστρατιάδη προκλητικός δηλώση metoo στρίμωξαν κλαμπ δύο δημοσιογράφος άρχομαι,,,https://twitter.com/
1631255496.0,κλούμαι χειρότερος κάνω metoogr proiniatika metoo,,,https://twitter.com/
1631255044.0,ποιος όμηρος ευστρατιάδη ακούσω απόψη metoo metoogr,,,https://twitter.com/
1631253971.0,σεισμός 34 ρίχτερ ταρακούνώ ηγουμενίτσας  metoo εμβολιασμος θεσσαλονίκης,,,https://twitter.com/
1631250588.0,κατάφερε σάκκαρης μένω τελικός us open  metoo εμβολιασμος θεσσαλονίκης,,,https://twitter.com/
1631250216.0,πλατεία μεγάρος μουσική μετατρέπομαι πασαρέλας  metoo εμβολιασμος θεσσαλονίκης,,,https://twitter.com/
1631235418.0,έκκληση κατοίκος κέντρο κατεβάζω σκουπίδια επόμενος τριήμερο  metoo εμβολιασμος θεσσαλονίκης,,,https://twitter.com/
1631226677.0,κυβερνηση_μητσοτακης σέβομαι γυναίκος γυναικοκτονιας συνεδριο_γονιμοτητα σέβομαι παιδί λιγναδης σέβομαι θύμα βιασμός metoo γίνω ταϊλάνδη ευρώπη πώ παιδικός εφηβικός εργασία φιλοξενουμενων δομή φροντίδα ανήλικος,,,https://twitter.com/
1631222214.0,37 ανεργία νέος σκέφτηκαν δουλέψω 16χρονα προσφυγοπούλα περίεργο metoogr metoo εργασια_δομες_ανηλικων μητσοτακη_ξερεις_εσυ,,,https://twitter.com/
1631219308.0,θυμήθηκανποτέ ξέχασαν metoogr metoo,,,https://twitter.com/
1631216189.0,έλληνας λένε ημεδαπό οταν κάνω φόνο ληστείος βιασμός amp μπερδεύω κόσμο πω ντόπιο εγχώριος ιθαγενός γηγενής αυτόχθονας γλυκα_νερα φως_στο_τουνελ καρολάϊν γλυκάνερά fosstotounel justice_for_caroline metoo μπάμπης πιλότος,,,https://twitter.com/
1631215771.0,φαίης σκορδάς παναγιώτη βασιλάκο έρχομαι πη αλήθεια δουλευομαι vid  metoo εμβολιασμος θεσσαλονίκης,,,https://twitter.com/
1631214315.0,moderna ετοιμάζω μονοδοσικό εμβόλιο δόση κορονοϊός χτυπώ γρίπος  metoo εμβολιασμος θεσσαλονίκης,,,https://twitter.com/
1631213785.0,συναντήση πκμ ατζιτζικώστας υπουργού ψηφιακός διακυβέρνηση πιερρακάκη τουρισμός β κικίλιας  metoo θεσσαλονίκης,,,https://twitter.com/
1631212507.0,άκος ρε λέω υψηλόβαθμος στέλεχος εοκ δράκουλας διώκομαι απόπειρα βιασμός διαβάσω metoo ενημερωθάω καλύτερα περίεργος γράφει λογικό ασχολάμαι bachelorgr amp,,,https://twitter.com/
1631212211.0,μεγάλος ευχαριστώ λέω συμβούλιο πλημμελειοδικής αθήνα μικρόψυχες πέτρος φιλιππιδη metoo σασμος,,,https://twitter.com/
1631209181.0,άαααααλλος τρίπολη κύριος τάκηαπαπαπαπας eok_kseftyles ard_kseftyles ekloges_eok metoo metoomougga,,,https://twitter.com/
1631209033.0,metoo παίξω κάνω ρεπό,,,https://twitter.com/
1631208806.0,πέτροςφιλιππίδη metoo metoogr απορρίφθηκε αίτηση αποφυλάκιση,,,https://twitter.com/
1631208670.0,εοκ γράφω metoo δούω πόσο ελεγχθώ,,,https://twitter.com/
1631208317.0,γίνω ρε μαλάκες καταγγελία απόπειρα βιασμός τσαγκρώνης βγαίνω όνομας κάνω πύρινα τουί χάσταγκ metoo metoogr λέω κουφάλες ατζέντα χαλάω ε,,,https://twitter.com/
1631207410.0,μίνι lockdown αργολίδας ευρυτανίας ποιες περιοχή παρατείνομαι μέτρο  metoo εμβολιασμος θεσσαλονίκης,,,https://twitter.com/
1631207015.0,υποβιβάζομαι ευθεία super league 1 super league 2  metoo εμβολιασμος θεσσαλονίκης,,,https://twitter.com/
1631203319.0,δρόμο διανύσω μπορώ θύμα βιασμός μιλώ φοβάμαι ευστρατιάδης διπλανή πόρτα χρειαστώ metoo metoogr,,,https://twitter.com/
1631203044.0,ρε μαλακας δίνω βήμα ταγαριας βλήμα μπάρμπα ανίκανος αντιληφθώ κατανοώ θέση θύμα μετατραυματικας διεργασίας ν αντιμετωπίσω διαολος χορόπολλάς λέω γαμιολαιος metoo metoogr,,,https://twitter.com/
1631199877.0,τροχαίος σοκ καβάλο φορτηγάκι προσγειώθηκε σπίτι  metoo εμβολιασμος θεσσαλονίκης,,,https://twitter.com/
1631199008.0,μέλι βελανιδιά καστανιά πίνδος  metoo εμβολιασμος θεσσαλονίκης,,,https://twitter.com/
1631198094.0,πεθαίνω μπαμπάς my big fat greek wedding αντίο νία βαρντάλος μάικλκόνσταντιν  metoo εμβολιασμος θεσσαλονίκης,,,https://twitter.com/
1631196600.0,tσουμελέκα love it metoo κατάθλιψη στροφή υποκριτικός,,,https://twitter.com/
1631195058.0,ακομα ενα καλο νεο metoogr metoo,,,https://twitter.com/
1631193004.0,γεωργιάδη σούπερ μάρκετ απορροφώ αυξήση  metoo εμβολιασμος θεσσαλονίκης,,,https://twitter.com/
1631191827.0,σύμφωνα αποκλειστικός πληροφορίας documentonews etriantis δικαστικό συμβούλιο απέρριψε αίτημα αποκυλάκιση φιλιππιδης o ζητώ μπω καθεστώς επιτήρηση σπίτι metoo,,,https://twitter.com/
1631190583.0,κυβέρνηση γαλλία ανακοίνωσε 1η ιανουαρίος 2022 δίνω δωρεάν μεθόδος αντισύλληψη ιατρικός επισκέψη γυναίκα 25 μέτρο επεκτείνω δημόσιος παροχή αντισύλληψη 18 γαλλίας άμβλωση δωρεάν metoo,,,https://twitter.com/
1631189762.0,απασφάλομαι όμηρος ευστρατιάδη καλλιτεχνικό metoo 60 χρόνια θυμούμαι κυρία βιάσανε,,,https://twitter.com/
1631188946.0,θεσσαλονίκης βρέθηκε πτώμα άνδρας ερημικός περιοχή  metoo εμβολιασμος θεσσαλονίκης,,,https://twitter.com/
1631188763.0,οευστρατιάδηςαυτώ μένα αστείος 60 χρόνια θυμούμαι κυρία βίασαν ευστρατιάδη συμβώ καταγγειλη νωρίτερακαι μάθε μετρώ 2016 σήμερα χρόνια σκασμός metoogr metoo καμιαανοχη,,,https://twitter.com/
1631188054.0,όμορφη ημέρα ξημέρωσε αγαπημένη μπανανία metoo metoogr καμιαανοχη καμιαμονη,,,https://twitter.com/
1631187857.0,ξυλοκόπημα κηροπήγιο ξέρω θέλω ξέρω πόσας τέρας υπάρχω metoo metoogr ενδοοικογενειακή_βίας έμφυλη_βίος καμιαμονη καμιαανοχη,,,https://twitter.com/
1631187052.0,δλδ άσημος ηθοποιός οκ καταγγείλω κτι λέω ποσος χρονιας περάσανε οσα χρονιας χρειάζομαι γυναίκα βρω δύναμη καταγγείλω δημοσιος βεβήλωση τοσας κύριος σκηνοθέτος γκεκγκος ευστρατιάδη metoo metoogr μελετη,,,https://twitter.com/
1631185207.0,ταυτοποιούμαι στοιχείο δράστης ανατίναζε ατμ περιοχή πρέβεζα  metoo εμβολιασμος θεσσαλονίκης,,,https://twitter.com/
1631184923.0,θύμα ξεχασαν κατόρθωσαν βρω θάρρος φωνή 60 χρόνια κάνω αγκαλιάσω ακούσω εντάξω εμετικό σκουπίδι ευστρατιάδη metoo metoogr καμιαανοχης,,,https://twitter.com/
1631184691.0,60 χρόνια θυμούμαι κυρία βίασαν πόσας χρόνια αποδεκτό ευστρατιαδης γνώμη εκ ασφαλού μιλώ γυναίκα βιασμός metoo metoogr nonoram megatvofficial,,,https://twitter.com/
1631181929.0,πασίγνωστος υπεράνω υποψία νέος φιλιππίδη άνοιξε ασκός αιόλος  news φιλιππιδη metoo breaking breakingnews,,,https://twitter.com/
1631180371.0,άνδρας επιχείρημα μοιράζω συγχωροχάρτιας ξεπλένω άτομο κατηγορούμαι βιασμός avmag metoo metoogr φιλιππιδη,,,https://twitter.com/
1631180298.0,έντονη αντίδραση ελεονώρα μελέτη προκλητικός δηλώση όμηρος ευστρατιάδης metoo eleonorameleti news newsbombgr,,,https://twitter.com/
1631179769.0,μίκη θεοδωράκη κρητικοί συνοδεύω σορός τραγουδώ χελιδόνι  metoo εμβολιασμος θεσσαλονίκης,,,https://twitter.com/
1631178897.0,μαρίας σάκκαρης δηλώση νίκη αφιέρωση  metoo εμβολιασμος θεσσαλονίκης,,,https://twitter.com/
1631177880.0,metoo λέω έπρεπε αντιμετωπιστώ επιείκεια κάνω βουνό πακιστάν,,,https://twitter.com/
1631176139.0,όμηρος ευστρατιάδη χρόνια θυμούμαι κυρία πω βίασαν metoo διαβάμαι περισσότερος,,,https://twitter.com/
1631175145.0,εξαφανιστε metoogr metoo proiniatika,,,https://twitter.com/
1631174064.0,ποινικός δίωξη απόπειρα βιασμός 2014 άσκώ εισαγγελία πρωτοδικός πατρής καταγγελία υπαλλήλος ελληνικός ομοσπονδία καλαθοσφαίριση 2018 άτομο επανήλθε παρενοχλώντας σεξουαλικά υπάλληλο εοκ metoo metoogr,,,https://twitter.com/
1631173872.0,κατηγορίας απόπειρα βιασμός σεξουαλικός παρενόχληση 2014 2018 στέλεχος ελληνικός ομοσπονδία καλαθοσφαίριση avmag metoo metoogr πάτρα,,,https://twitter.com/
1631173744.0,φιλιππιδης ειδικάκανένας ξέρω χώρο θεάτρος πόσο πεφτουλα σιχαμένος γιαυτό έδιωξε κυρία δανδουλακης θεατρικό έγκλημας οριεντ εξπρές metoogr metoo φιλιππιδη,,,https://twitter.com/
1631170437.0,επικοινωνώ άρχομαι διαφαίνομαι εξομολογούμαι ηθοποιός φιλιππιδη metoo metoogr metoogreece,,,https://twitter.com/
1631168977.0,πόσο στεναχωρώ ζω χώρα ανθρώπος μπορώ χαρακτηρίσω ντροπη metoo metoogr,,,https://twitter.com/
1631168944.0,αδυνατώ σχολιάσω θέση ομηρος ευστρατιαδης σχετικος θύμα metoo ξέραμε μεσιος κρατάνε σιωπής γίνω αρχή αθλήτρια ζετας δούκας ωραίος ρε μαλακας μένω θύτης,,,https://twitter.com/
1631167173.0,γίνω μ τοξικός αρρενωπότητα επιτέλους metoo,,,https://twitter.com/
1631159570.0,πλαστάς πιστοποιητικά εμβολιασμός παρέμβαση εισαγγελέα γεννηματάς  metoo εμβολιασμος θεσσαλονίκης,,,https://twitter.com/
1631159186.0,νέος πασαρέλας σύλλογο φίλος νέας παραλία  metoo εμβολιασμος θεσσαλονίκης,,,https://twitter.com/
1631140963.0,eok δίωξηβόμβα παναγιώτη τσαγκρώνη απόπειρος βιασμούη λίστα μεγαλώνω μπράβο θύμα βρίσκω κουράγιο καταγγελω metoogr metoo καμιαανοχης,,,https://twitter.com/
1631140039.0,καλιανος metoo metoogr γνωστός βουλευτής διπλοθεσίτη μιλάω ζωντανά κόντρα τβ προσπαθώ πετάξω μπάλος εξέδρας πορνογραφικό βίντεο λοιπός απαράδεκτας δηλώση θέμα βιασμός 17χρονης κοπέλα ξεφτίλας,,,https://twitter.com/
1631131785.0,αντρικό γκολ λες βρε μαλāckος σπυρόπουλος παλιοσεξιστής γυναικείας γκολ metoo greswe,,,https://twitter.com/
1631131476.0,ρουμάνας 42 χρ βρέθηκε σκοτωμένη σπίτι φίλος π κακοποιώ καιρός ταυτοποιησης εδωσε dna γιος λέω τιποτα ασχολάμαι ξέρω metoo,,,https://twitter.com/
1631131441.0,νέος αθλητικό metoo κακούργημας πλημμέλημα διώκομαι κορυφαίος παράγω μπάσκετ,,,https://twitter.com/
1631128882.0,μεξικό εχθές αποποινικοποίώ αμβλώση metoo,,,https://twitter.com/
1631127794.0,σοφία παυλίδος νέος καταγγελία βάρος γνωστού σκηνοθέτης πλαίσιο metoo,,,https://twitter.com/
1631127257.0,metoo κύλώ νερό αυλάκι,,,https://twitter.com/
1631126145.0,εξέλιξηβόμβας metoo,,,https://twitter.com/
1631120637.0,ποιος ιταλίδα τρελαίνω instagram μικροσκοπικά μπικίνι pics  metoo εμβολιασμος θεσσαλονίκης,,,https://twitter.com/
1631120289.0,τάκης ζαχαράτος metoo εκτιμώ παλιάνθρωπος παρόλο ταλέντο,,,https://twitter.com/
1631119044.0,διπλή τραγωδία θεσσαλονίκη νεκρός 40χρονος 38χρονος τροχαίος  metoo εμβολιασμος θεσσαλονίκης τζουλια_νοβος,,,https://twitter.com/
1631115726.0,διαβάμαι ταχα σπαράζατε γυναίκα metoo κατκεν ξαφνικα βρεικος ευγενικό παππαδηλαδή ολα στημέναμαλλων sasmos,,,https://twitter.com/
1631114795.0,καταγγελία βιασμός 6 σουπερμόντελ πρώην διευθυντής eliteagency  gerardmarie careottis metoo metoogr ψάρι βρωμάς κεφάλι,,,https://twitter.com/
1631114692.0,σοφία παυλίδος γνωστός σκηνοθέτης ζητώ βγάζω ρούχο video  metoo metoogr,,,https://twitter.com/
1631110939.0,βόμβα επος παραιτούμαι θοδωρή ζαγοράκη  metoo θεσσαλονίκης κορωνοιος,,,https://twitter.com/
1631108959.0,νέος σειρά αφρόλουτρο κρέμος σώμα sapon  metoo θεσσαλονίκης thebachelor,,,https://twitter.com/
1631107958.0,ετοιμαστώ νέος κύμα metoo metoogr δυνατό μουσικό χώρο ανοχή κανη,,,https://twitter.com/
1631100941.0,συγκρίνω υπόθεση λιγναδης μπορώ εύκολα βγάλω συμπέρασμα μουσικός σχέση νδ metoogr metoo,,,https://twitter.com/
1631098758.0,τηλεδιάσκεψη θεοδωρικάκος καλαφάτης φορείς θεσσαλονίκη ενόψει 85η δεθ  metoo εμβολιασμος θεσσαλονίκης,,,https://twitter.com/
1631096679.0,γιώργος σεϊταρίδης νέος ζωή πήλιο μακριά δημοσιότητα  metoo εμβολιασμος θεσσαλονίκης gitiselias σασμος jameskafetzis,,,https://twitter.com/
1631095699.0,σοφία παυλίδος νέος καταγγελία βάρος γνωστού σκηνοθέτης πλαίσιο metoo,,,https://twitter.com/
1631095581.0,βανας μπάρμπας λάμψω αλήθεια σίγουρηκαι θύμα απέδειξες σήμερα πόσο λίγη είσαιmetoo toproino,,,https://twitter.com/
1631094927.0,τ αλλας metoo ισότητος γυναικοκτονίας κι γραφικά χειρότερος κι μουσουλμάνος χαρέμι κοινωνία δεχομαι προβάλλομαι σκουπίδια προσβάλλω κατάφωρας αξιοπρέπεια ανθρώπος γυναίκα άνθρωπος,,,https://twitter.com/
1631094835.0,προπονητής ξέρω κατηγόρώ κας μπεκατώρος ξεκίνώ metoo τί γίνομαι τί κάνω κυρία καρύδη παπαχαραλάμπους metoo βλέπω bachelorgr,,,https://twitter.com/
1631093924.0,γνήσιεςγεύσειςζυμαρικά μαύρο σκόρδο  metoo εμβολιασμος θεσσαλονίκης gitiselias σασμος,,,https://twitter.com/
1631093589.0,σοφία παυλίδος νέος καταγγελία βάρος γνωστού σκηνοθέτης πλαίσιο metoo,,,https://twitter.com/
1631093547.0,σοφία παυλίδος καταγγελία γνωστό σκηνοθέτης ανάγκαζε ηθοποιού βγάλω ρούχο βίντεο metoo σοφία_παυλίδου,,,https://twitter.com/
1631091383.0,φαντάζομαι γίνομαι πανικός metoo metoogr,,,https://twitter.com/
1631091372.0,appletoo κίνημας metoo μεταφέρομαι πολυεθνικός apple  appletoo,,,https://twitter.com/
1631091324.0,appletoo κίνημας metoo μεταφέρομαι πολυεθνικός apple  appletoo,,,https://twitter.com/
1631088281.0,seχy εμφάνισης zendaya leatherwetdress φεστιβάλ βενετία  metoo εμβολιασμος θεσσαλονίκης gitiselias σασμος,,,https://twitter.com/
1631087360.0,ελλαδας 9 γυναικοκτονιας 2021 επιση ελλάδας φεμινισμος πατριαρχιας metoo,,,https://twitter.com/
1631086870.0,σεισμός ξημερώματας νίσυρο  metoo εμβολιασμος θεσσαλονίκης,,,https://twitter.com/
1631086535.0,εφορία παρατείνομαι 15σεπτεμβρίου προθεσμίας υποβολή φορολογικός δηλώσεας  metoo εμβολιασμος θεσσαλονίκης,,,https://twitter.com/
1631086260.0,προκριματικά μουντιάλ μονόδρομος εθνικός νίκη σουηδίας  metoo εμβολιασμος θεσσαλονίκης,,,https://twitter.com/
1631084327.0,φταις εσυ εσυ εισαι θυμα εκπληκτικη δουλειας νέος άνθρωπο δώ τσάκομαι θέλω μιλώ εδω κορίτσιος metoogr metoo link on youtube  link on instagramhttpstcoybdgy3ijfa credits to theodaram,,,https://twitter.com/
1631083493.0,επιστρέφω κανονικά φάρμα πυρκαγιά γίνω γυρίσματας  metoo εμβολιασμος θεσσαλονίκης,,,https://twitter.com/
1631082201.0,selftest σήμερα διάθεσής μαθητής φαρμακεία γνωρίζω  metoo θεσσαλονίκης thebachelor,,,https://twitter.com/
1631079580.0,ενφια λήγω προθεσμίας διορθώση ε9  metoo εμβολιασμος θεσσαλονίκης τζουλια_νοβος,,,https://twitter.com/
1631061045.0,metoo antireport βιαστη άντρας βίασε γυναίκα 29 δημοτικό θέατρο βόλου πάρκο ρήγος φεραίος απειλή μαχαιριούτο παραθέτω δω αλληλέγγυος συλλογικότητας βόλο μπορώ βοηθώ προστατεύσω πιθανά θύμα,,,https://twitter.com/
1631051288.0,ελεονώρα μελέτη madclip αποτέλεσμα προσέχω δρόμος  g metoo εμβολιασμος θεσσαλονίκης,,,https://twitter.com/
1631051039.0,νόμιζες μεγάλουςαποδεικνύομαι μικρός metoo metoogr,,,https://twitter.com/
1631050376.0,συνελήφθώ 24 μέλος ρουβίκωνας εισβολής υπουργείο περιβάλλον  metoo θεσσαλονίκης,,,https://twitter.com/
1631049742.0,μεθυσμένος κρητικό κατσικάκι τυροζούλι  metoo εμβολιασμος θεσσαλονίκης συνταγής,,,https://twitter.com/
1631046399.0,νούμερο δώσω απαντησης πampamp παει στραβας ελληνικη τηλεορασης εποχή metoo γινω θεατας τουreality,,,https://twitter.com/
1631045759.0,eytyxia πας οτι σαπιζω ξυλο καργιολη o πρωην βαλω metoo κι εσενας gitiselias,,,https://twitter.com/
1631044741.0,θεσσαλονίκη μεγάλη φωτιά ιατρικό διαβαλκανικό κέντρο ξενοδοχείο nikopolis  metoo εμβολιασμος,,,https://twitter.com/
1631044158.0,γαλλίας ένοπλη ληστεία κοσμηματοπωλείο αλυσίδα bulgari  metoo εμβολιασμος θεσσαλονίκης,,,https://twitter.com/
1631041071.0,συνταγής πεντανόστιμη χοιρινός μπριζόλα φούρνο παραμείνω ζουμερός  metoo εμβολιασμος θεσσαλονίκης,,,https://twitter.com/
1631040854.0,μυστικά καίτε περισσότερες θερμίδα  metoo εμβολιασμος θεσσαλονίκης,,,https://twitter.com/
1631040595.0,δικαιολογία συγχώρεση μανιπιουλάρω κακοποιητής ειδικά χώρα χριστιανοταλιμπώ κοινωνία σηκώνω συγχώρεση εννοείτος κχειλάκης metoo metoogr,,,https://twitter.com/
1631035391.0,χειλακη ανησυχείς παιδεραστής βιαστής ξεχάσω πλυντήριά λιγναδης φιλιππιδη metoo,,,https://twitter.com/
1631022445.0,χειλάκη ελληνικό metoo καλύτερος κάνω σιωπήσουμεhttpstcou7mnledaye,,,https://twitter.com/
1631020598.0,nonamenofacegr ξερω ποιο ειναι νεο ακαου τελικα εριξαν οπως ειχε προειδοποιησω εκανε πολυ καλης δουλειας metoo οχι μονο οποιος ξερω στειλω nonamemetoogr,,,https://twitter.com/
1631020053.0,σύγχρονο μοντέρνο γρήγορο έργο έξυπνο χιούμορ αναγνωρίζη κίνημας metoo καιρός απασχολώ  m,,,https://twitter.com/
1631018484.0,σημαίνω επαναπατρισμός σύρος πρόσφυγας 14 περιπτώση σεξουαλικός βία διέπραξαν δυνάμη ασφαλεία συμπεριλαμβανομένος 7 υποθέσεας βιασμός βάρος πέντε γυναίκα εφήβου κι κοριτσιός πέντε ετής metoo metoogr  t,,,https://twitter.com/
1631016842.0,μητρικούς παππούδες αναθέτω εισαγγελία ανηλίκας επιμέλειας παιδί 31χρονη δολοφονούμαι σύζυγο δάφνη ιούλιος δαφνης γυναικοκτονίας metoogr metoo metoogreece,,,https://twitter.com/
1631016342.0,σταματώ συνδέω συνέχεια pole dancing strip tease κι μορφός χορός πιστεύω κι μπορώ εκφράσω ελεύθερα χορευτ συναισθήματας metoo metoogr καμιαμονης poledance,,,https://twitter.com/
1631014093.0,ξέρω έκλεομαι κλείσανε έλεγε πράγμα δόντιος nonamemetoogr metoo metoogr,,,https://twitter.com/
1631012832.0,συστήνω ανεπιφύλακτα δώ themornningshow appletv σειρά εξαιρετικός ερμηνεία δείχνω ωραια κίνημας metoo γυναίκα βιώσω παίρνω θάρρος μιλώ,,,https://twitter.com/
1631012342.0,ελλαδας metoo metoogreece παυλοσχαϊκαλη κάνω αντίθετο φιλιππίδης κίνηση ματ παύλος χαϊκάλη,,,https://twitter.com/
1631009336.0,μεγάλη ξεφτίλας φτιάχνη άρθρο ουσία clickbait τίτλος ειδικά σχετίζομαι βιαστής κάνω καταγγελία καινούργια δήλωση metoo metoogr φιλιππιδης,,,https://twitter.com/
1631007728.0,φαιης μπορώ πάως θέμα metoo καταπέλτης διαπραγματευομαι ελαφρυντικό δικηγόρος θύτης μπράβο σωστός λέω,,,https://twitter.com/
1631006739.0,κράζω αιμίλιο χειλακης support λιγναδης φίλος βάση metoo ξεχάσω ασχοληθούω νέο επαγγελματικος βήμα κάνω χαμός σούπερ κακός μπισμπικη,,,https://twitter.com/
1631006160.0,ξέρη χειρότερος κοινωνία βιαστήόσος προσπαθώ δικαιολογώ metoo stopvictimblaming,,,https://twitter.com/
1631003608.0,στράτος τζώρτζογλος έχανας μαλλιά γεμίσω σπυρί κεφάλι  metoo εμβολιασμος θεσσαλονίκης,,,https://twitter.com/
1630998515.0,μαρίας σάκκαρης επικός ανατροπή νίκη προκρίθηκε 8 usopen  g metoo εμβολιασμος θεσσαλονίκης,,,https://twitter.com/
1630997852.0,οικονόμος παιδίατρος αγώνας εμβολιασμός αποκλείομαι υποχρεωτικότητα εκκλησία  metoo θεσσαλονίκης,,,https://twitter.com/
1630992077.0,θεσσαλονίκησημείας δωρεάν ελέγχος covid19 εοδυ τρίτος 7 σεπτεμβρίος  metoo εμβολιασμος κρουσματας opentv gitiselias,,,https://twitter.com/
1630990038.0,δωρεάν rapidtests γυάλινο περίπτερο κήπο άμμος  metoo εμβολιασμος thessalonikh θεσσαλονίκης,,,https://twitter.com/
1630988644.0,εσθ ισχύω ενδιάμεσες εκπτώσεις περίοδο δεθ  metoo εμβολιασμος κρουσματας opentv gitiselias,,,https://twitter.com/
1630964379.0,προκλητικά ρούχο ποια metoo,,,https://twitter.com/
1630962066.0,σίχαμα φύση metoo,,,https://twitter.com/
1630959658.0,παραιτούμαι πρόεδρος αεππ καταγγελία βιασμός σεξουαλικός παρενοχλήση  metoo metoogr ψάρι βρωμάς κεφάλι,,,https://twitter.com/
1630958274.0,έρωτας αλά ιταλικά μαίρης συνατσάκης  metoo εμβολιασμος σασμος sasmos,,,https://twitter.com/
1630955468.0,ροζίτασώκος εμφάνισής περιπέτεια υγεία  metoo εμβολιασμος κρουσματας,,,https://twitter.com/
1630954130.0,οαεδ παράταση συμμετοχή βιβλιοπωλείο πρόγραμμα χορήγηση επιταγή αγορά βιβλια  metoo εμβολιασμος,,,https://twitter.com/
1630953809.0,δικαστικό metoo παραίτηση προέδρος αεππ καταγγελία σεξουαλικός κακοποίηση,,,https://twitter.com/
1630952630.0,συνταγής σπιτικός λεμονόπιτας λατρέψω  metoo εμβολιασμος κρουσματας,,,https://twitter.com/
1630951323.0,νοσοκομείο πελέ  metoo εμβολιασμος κρουσματας,,,https://twitter.com/
1630948575.0,ντουέιντζόνσον σωσίας the rock αστυνομικός γίνω viral  metoo εμβολιασμος κρουσματας,,,https://twitter.com/
1630944344.0,σεισμός τωρος νίσυρο  metoo kalokairinot χαλκιδικης εμβολιασμος ανατιμηση κρουσματας,,,https://twitter.com/
1630943223.0,χρυσός αυγή αποφυλακίζομαι μιχάλη αρβανίτης  metoo kalokairinot χαλκιδικης εμβολιασμος ανατιμηση,,,https://twitter.com/
1630941022.0,πεθαίνω ζαν πολ μπελμοντό  metoo kalokairinot χαλκιδικης εμβολιασμος ανατιμηση,,,https://twitter.com/
1630940698.0,μίκηςθεοδωράκη νέος διαμάχη γραφείο τελετή  metoo kalokairinot χαλκιδικης εμβολιασμος ανατιμηση,,,https://twitter.com/
1630939033.0,δικαστικό metoo παραίτηση προέδρος αεππ καταγγελία σεξουαλικός κακοποίηση αποκάλυπτε,,,https://twitter.com/
1630936490.0,πόσο στοίχημας πηγαίνω φάμπρικας στημένη εκ έσω εμβολιασμος κυβερνηση_καρναβαλι μητσοτακη ανασχηματισμος ανεμβολιαστος metoo poioseinaiproiniatika ανατιμηση εμβολια πολιτικης_προστασια,,,https://twitter.com/
1630933028.0,μεγάλος μέρος κοινωνία θεωρώ πηγαίνω μπροστά metoo αξιοσημείωτος μέρος δίνω εξουσία πλούτος amp δημοσιότητα μορφής τέχνη γίνω δύο μέρος συνυπάρχω ειρηνικά επιτέλους συγκρουστώ πέσω σύννεφο,,,https://twitter.com/
1630925111.0,καινούργιος μόδα νέες νέος λέγω escorting metoo αστυνομία μπορω κάνω κάτιμόνο σπίτι μπορείς μάθη φαίνεσαι φέρεσαι,,,https://twitter.com/
1630920849.0,αλλαγή δήμο βερύκιος  metoo kalokairinot χαλκιδικης εμβολιασμος ανατιμηση,,,https://twitter.com/
1630918961.0,μαλακιστήρι ξέρω 22ρος παντρεύομαι κάνω παιδί 30 σημαίνω παρταρε 50 άντρας σπούδαζος δούλευε φτύνω μούτρα σεξισμός σος μαλακας metoo,,,https://twitter.com/
1630917815.0,πεθαίνω βασίλη κουρτάκη  metoo kalokairinot χαλκιδικης εμβολιασμος ανατιμηση,,,https://twitter.com/
1630917304.0,προκαλώ μπριζίτ μπαρντός θέση κίνημας metoo free sunday,,,https://twitter.com/
1630916293.0,περιμένω δικαιωθείς ψευδομηνυσης συκοφαντικός δυσφήμισης έχασες δουλειά σος αξιοπρέπεια σ ν υποστώ ανάλογες συνέπεια ψευδείς καταγγελία κάνω κακό άτομο πραγματικα κακοποιούμαι πραγματικος θύμα metoo metoogr,,,https://twitter.com/
1630916099.0,ανοιχτός ενημερωτικός εκδήλωση εμβολιασμός κορωνοϊού τμήμα ιατρικός απθ  metoo kalokairinot covid19 χαλκιδικη koinoniaoramega λαρισας,,,https://twitter.com/
1630910712.0,madclip σήμερα κηδεία live μετάδοση youtube νέος βίντεο τροχαίος  metoo kalokairinot covid19 χαλκιδικης εμβολιασμος ανατιμηση,,,https://twitter.com/
1630909294.0,σεισμός 43 ρίχτερ ρόδο ξημερώματας  m metoo kalokairinot covid19 χαλκιδικη εμβολιασμος koinoniaoramega λαρομαι,,,https://twitter.com/
1630907824.0,θεσσαλονίκης ψαράς πάλεψε πέντε μέρα θάλασσα θερμαϊκό βρέθηκε σώος λάρισας  metoo kalokairinot covid19 χαλκιδικη εμβολιασμος koinoniaoramega,,,https://twitter.com/
1630907494.0,φαντ σχιπ δίνω δύσκολος πη δίκαιο  metoo kalokairinot covid19 χαλκιδικη εμβολιασμος koinoniaoramega λαρομαι,,,https://twitter.com/
1630907194.0,ααδε νέος ψηφιακός υπηρεσία τελωνειακός εργασία  metoo kalokairinot covid19 χαλκιδικη εμβολιασμος koinoniaoramega λαρομαι,,,https://twitter.com/
1630884789.0,metoo τέλος απαρτχάιντ γυναίκα,,,https://twitter.com/
1630868888.0,παραξενεύω γίνω αναφοράς θέμα καλλιανος περάσω καιρός ανοίξω ρουθούνι καταγγελία γίνω βάρος χατζης metoogr metoo σεμεδο,,,https://twitter.com/
1630867177.0,αποκαλυπτικός στράτος τζώρτζογλος μίλώ πρόσφατη συνέντευξής ελληνικό metooτη φάρμα θάνατο μητέρας,,,https://twitter.com/
1630856853.0,λέω παλικάρι σοβαρότερος ζήτημα απαρχαιωμένος μυαλό φτιάξω 30 60 άσος ποια λογικός γυναίκα θελήσω άνθρωπο metoogr metoo,,,https://twitter.com/
1630855330.0,βλέπω αποτελέσματας καλός φαλλοκρατισμος metoogr metoo,,,https://twitter.com/
1630854294.0,εξαφανίζω πέτρος φιλιππίδης ελληνικά κανάλι  cancelculture λόγο ύπαρξη metoo metoogr φιλιππίδη φιλιππίδης,,,https://twitter.com/
1630853849.0,σάρον στόω βραβείο φεστιβάλ κινηματογράφος ζυρίχη  zurichfilmfestival zff2021 zffmasters goldeneye award winner sharonstone basicinstinct hollywood movie cinema metoo feminism feminist casino martinscorsese naftemporiki,,,https://twitter.com/
1630852999.0,καλλιάνος νδ καλύπτω βουλευτής προσπαθώντα οικειοποιούμαι κίνημας metoo σφοδρός αντιδράση twitter,,,https://twitter.com/
1630851008.0,εγινε θυμηθηκε δημαδαμας ποιος πασοκος επιτεθηκε metoo,,,https://twitter.com/
1630850574.0,καλλιάνος άρχομαι προσπάθεια συγκάλυψη νδ ζητώ συγχαρητήρια metoo καλλιανος νδ νδ_παρακρας,,,https://twitter.com/
1630850549.0,καλλιάνος άρχομαι προσπάθεια συγκάλυψη νδ ζητώ συγχαρητήρια metoo καλλιανος νδ νδ_παρακρας,,,https://twitter.com/
1630850003.0,neademokratia metoo σημαίνω βουλευτής παραδέχομαι παρακολουθώ πορνογραφίος ανηλίκας συγχωρώ κάνω λάθος ειναι έγκλημας primeministergr δικαστής αθωώνω θέλω συγχωρώ κι εγκλήματας καλλιανος,,,https://twitter.com/
1630846974.0,καταλαβαίνω εννοεί νδ ανακοίνωση καλλιανος ημέρα ξεκίνώ metoo βιαστής μπεκατώρος στέλεχος λιγνάδη γεωργιάδη στενός φίλος μητσοτακη_ξερεις_εσυ,,,https://twitter.com/
1630846946.0,ερε ξεκινώ metoo κι εγω νομιζα οτι ξεκινώ δημαδαμας νεφρος,,,https://twitter.com/
1630846922.0,νδ αδειάζω καλλιάνο λάθος ανάρτησής υπόθεση σεμέδος ξετυλίξαμε κουβάρι metoo,,,https://twitter.com/
1630846891.0,κάλη σεζον metoo metoogr,,,https://twitter.com/
1630846078.0,κουβάρι ξετυλιξατε ντρέπομαι κυρία μπεκατωρος κυρία δουκα νικος_σ σορός θύμα βρίσκω θάρρος μιλώ δημόσια κόμμα μμε_ξεφτιλες κουκούλωμα μάτι κυκλώνας τπτ metoo metoogr,,,https://twitter.com/
1630845116.0,θεσσαλονίκης εστιατόριο σερβίρω σούσι σκύλος  metoo kalokairinot covid19 χαλκιδικη εμβολιασμος koinoniaoramega λαρομαι,,,https://twitter.com/
1630844745.0,θεοδωρικάκος ενισχύομαι παρουσία ελα γειτονιής ανακοινώση νέος υπουργός πολιτικός προστασία  metoo χαλκιδικη εμβολιασμος,,,https://twitter.com/
1630844247.0,καλλιανος νδ κάνω αναφοράς θύμα παιδικός πορνογραφία διακίνηση πορνογραφικόυ υλικός ανηλίκας βουλευτέςενώ ταυτόχρονα διατυμπανίζω ξετυλιχτικος κουβάρι metoo ελλάδας διεστραμμένος υποκριτής νδ_παιδεραστας,,,https://twitter.com/
1630842955.0,ασχοληθώ metoo ακούσω απόψη σταρόβα φίλος olagood,,,https://twitter.com/
1630842742.0,metoo metoogr προσθέτω νέος δημοκρατία αρχή πάρω σαφός θέση ζήτημα σεξουαλικός εγκλημάτας ημέρα ξεκίνώ ξετυλίγομαι κουβάρι metoo αλήθεια,,,https://twitter.com/
1630840879.0,νοσοκομείο αλεξανδρούπολη εσπευσμένα κόρη μίκη θεοδωράκης  metoo kalokairinot covid19 χαλκιδικη εμβολιασμος koinoniaoramega λαρομαι,,,https://twitter.com/
1630840480.0,εκπομπή σταρόβα έλεγε καταγγελία κολλητός ψευδείς κίνητρο αναζήτηση δημοσιότητα metoo,,,https://twitter.com/
1630840191.0,report σκουπίδι ευχαριστω καλλιανος σεμεδο metoo metoogr,,,https://twitter.com/
1630839750.0,θεσσαλονίκης δύο τροχαία τέσσερις τραυματίες  metoo kalokairinot covid19aus χαλκιδικης εμβολιασμος koinoniaoramega λαρομαι,,,https://twitter.com/
1630839062.0,νέος δημοκρατία λάθος ανάρτηση καλλιάνος υπόθεση σεμέδος ξετυλίξαμε κουβάρι metoo,,,https://twitter.com/
1630838493.0,νδ λάθος ανάρτηση καλλιάνος υπόθεση σεμέδος ξετυλίξαμε κουβάρι metoo,,,https://twitter.com/
1630838075.0,ανακοινωσης νδ τυπος νταξ κατεβασε θελω τωρος αλλας σιχαμερο κομματι ειναι ημέρα ξεκίνώ ξετυλίγομαι κουβάρι metoo οτι δηλαδης ηταν καποιος ειδος στρατηγικης επιλογης εγινε τυχαια,,,https://twitter.com/
1630838035.0,λένα δροσάκης μητρότητα σαφέστατας επηρέασε αποφασίσω βγω μπροστά κάνω καταγγελία  metoo,,,https://twitter.com/
1630837895.0,δυό μισθός πέφτω τσέπη ώρα κουνώ δάχτυλο δηλώνω αναγκαιότητα λιτότητα παθογένεια δημοσίος μπράβομε καταγγελία σεξουαλικός κακοποίηση είς βάρος τί γίνεταιmetoogr χατζη metoo,,,https://twitter.com/
1630837682.0,νδ λάθος ανάρτηση καλλιάνος υπόθεση σεμέδος ξετυλίξαμε κουβάρι metoo ελλάδας νδ καλλιάνος σεμέδο,,,https://twitter.com/
1630837561.0,συνοψίσω βουλευτη εργάζομαι megatv γράφει κείμενο κατηγορώ άθλιο τρόπο ανήλικη καταγγείλω βιασμός άνθρωπο εργάζομαι εργοδότη υπόθεση πάρω δικαστικός οδός καλλιανος metoo metoogr,,,https://twitter.com/
1630837215.0,φαντ σχιπ αποδείξω καλύτερος κόσοβος  metoo kalokairinot covid19 χαλκιδικη εμβολιασμος koinoniaoramega λαρομαι,,,https://twitter.com/
1630836932.0,τζώρτζογλος μπω φάρμα ζούσος 534 ευρώ έδινε κράτος  metoo kalokairinot covid19 χαλκιδικη εμβολιασμος koinoniaoramega λαρομαι,,,https://twitter.com/
1630831343.0,vasilispratsinakis φεστιβαλ καλοκαιριος στος δήμοςθεσσαλονίκη μεταφέρομαι αστατου καιρός  θεσσαλονίκη metoo opentv covid19 χαλκιδικη εμβολιασμος,,,https://twitter.com/
1630829590.0,αγιορείτικας σουπιά πλακί  metoo opentv kalokairinot covid19 χαλκιδικη εμβολιασμος koinoniaoramega λαρισος ανατιμηση συνταγής καφες μενος,,,https://twitter.com/
1630827453.0,στοιχείο αθωότητα συνευρεθώ τρόπο σεμεδο 17χρονης διαρροή βίντεο σκοπός γνωστό βλέπω πουτανακι μπορώ βιαστώ σχέσηγάμο όντας πόρνος πηγαίνω λέγω metoo,,,https://twitter.com/
1630826583.0,θεσσαλονίκης σημαντικός διαφοροποίηση ιικό φορτίο λυμάτος  metoo opentv kalokairinot covid19 χαλκιδικη εμβολιασμος koinoniaoramega λαρισος ανατιμηση,,,https://twitter.com/
1630825472.0,παναγιώτης μπουγιούρης αίσιος τέλος υπόθεση εξαφάνιση συγγενής  metoo opentv kalokairinot covid19 χαλκιδικη εμβολιασμος koinoniaoramega λαρισας,,,https://twitter.com/
1630821806.0,πόσο υπέροχη παναγιώτα βλαντός συνέντευξη παίρνω ξεκάθαρη θέση metoo metoogr λέω προσκαλώ γυναίκα πέσω θύμα βία έρθω βρω καμαρίνι θεάτρος βοηθώ ασφαλής asemasremama,,,https://twitter.com/
1630821162.0,πειραιά σταθμός έφτασε αμάλ δώ εικόνα ακολουθώ  metoo kalokairinot covid19 χαλκιδικη εμβολιασμος koinoniaoramega λαρισας,,,https://twitter.com/
1630819071.0,σέρρες μπάχαλο νοσοκομείο πόλη διευθυντής πηγαίνω πιάσω δουλειά ανεμβολίαστος  metoo etsyshop covid19 χαλκιδικη εμβολιασμος koinoniaoramega,,,https://twitter.com/
1630818024.0,καβάλα αυτοκίνητο ισοπέδωσε τραπεζοκαθίσματας λιμάνι  metoo opentv kalokairinot covid19 χαλκιδικη εμβολιασμος koinoniaoramega λαρισος αμαλ,,,https://twitter.com/
1630817730.0,meteo αφορμή μισογύνικη παρέμβαση βουλευτής νδ καλλιάνος μετεωρολόγος εικόνα  news metoogr metoo καλλιανος καλλιάνος σεμεδο σεμέδο photos facebook semedo,,,https://twitter.com/
1630790277.0,άρης συλλαλητήριο θεσσαλονίκης 6  metoo opentv kalokairinot covid19 χαλκιδικη εμβολιασμος koinoniaoramega λαρισας,,,https://twitter.com/
1630789607.0,ψάχνω καλεσμένο olagoud αμήχανης στιγμή ρωτώ γκουντάρα σταρόβα o δεύτερος κανας φιλαράκι φέρω εκπομπή παιξω γλυκό πουλί νιότη metoo,,,https://twitter.com/
1630789314.0,ζαγοράκη h αφαίρεση βαθμός άρης απόφαση άδικης ποδόσφαιρο  metoo opentv kalokairinot covid19 χαλκιδικη εμβολιασμος koinoniaoramega λαρισας,,,https://twitter.com/
1630788608.0,δεθ αυξημένος μέτρο σχεδιάζω ελα αναμένομαι μεγάλες κινητοποιήση αρνητής  metoo covid19 χαλκιδικη εμβολιασμος koinoniaoramega λαρισος θεσσαλονικη,,,https://twitter.com/
1630788275.0,θήβα περιπέτεια επιβάτης αμαξοστοιχία ακινητοποιούμαι ανακοίνωση οσος  metoo kalokairinot covid19 χαλκιδικη λαρομαι θεσσαλονικης,,,https://twitter.com/
1630786373.0,τέλος φιάσκο γκλομπαλιστώνwoke μπάιντενεος αφγανισταν σόσος εκκένωσαν 100000 βρίσκομαι μεγάλος άντρας νύφες κοριτσάκι φαντάσου ποιος λεν θίξω πω metoo ασχολάμαι αμαλ,,,https://twitter.com/
1630783298.0,ατζέντα νοιάζει ρε παπάρι metoo καθαρός δρόμος δρόμος φασίστας αφήγημα προπαγάνδα θέλω εξυπηρετώ έλεγος ντροπής βρείτος,,,https://twitter.com/
1630779330.0,metoo metoogr λιγναδης_gate κάνω κουμάντο ενημερώνω προσέχω,,,https://twitter.com/
1630778952.0,χαρά φασίστας ανάρτηση καλλιανός καλλιανος σεμεδο metoo,,,https://twitter.com/
1630776504.0,βίντεο αφιερωμένο κεντρικό κοινωνικό θέμα aggeliki βιασμός φταις θύμα link on youtube  link on instagramhttpstcojhopnk9bx6 hlios sasmos metoogr metoo,,,https://twitter.com/
1630774354.0,θέλω λέω σεμεδο χρησιμοποίώ βίντεο πείσω δικαστήριο διέρρευσε χρησιμοποίώ διαπομπεύσω εξεφτελίσω τέλει κακοποιήσω 17χρονη σ χρησιμεύσω metoo metoogr νοοτροπιαθυτη,,,https://twitter.com/
1630774184.0,περισσότερος άντρας μιλώ τελευταίους μήνας πιστεύω θύμα κι ευθύνη παθαίνω δύσκολος καταλάβω βιασμός φταω βιαστής καλλιάνος metoo,,,https://twitter.com/
1630773834.0,νεοναζί τραγουδιστής γούναρης έγραψε τραγούδι όνομας μισογυνισμός ρατσισμός αφορμή πρόσφατο περιστατικός έπληξε βαθιάς πατριαρχικός κοινωνίααπλάς ακούστε αίσχηλευκός παχουλής κόταμαύρος πετεινός σεμεδο metoo,,,https://twitter.com/
1630772391.0,κωλόγαυρος χαίρομαι αστέρι σεμεδο προεδράρας σταδγιάλας κι κι σωβρακοφανέλα προσκυνώ κι κι όμοιός  metoo metoogr,,,https://twitter.com/
1630772251.0,metoo τέλος απαρτχάιντ γυναίκα,,,https://twitter.com/
1630772214.0,antireport metoo metoogr συνέντευξη επαναστατικός ένωση γυναίκα αφγανιστάν,,,https://twitter.com/
1630771933.0,βιασμός προνόμιο αριστερά βιασμός απεχθας έγκλημας ελάχιστος θύμα βρω θάρρος μιλώ δύσκολα καταγγέλλω βιαστής σκέψος φορά χαρακτηρίση θύμα metoo metoogr,,,https://twitter.com/
1630770026.0,βουλευτής δηλώνω δημόσιος παρακολούθώ πορνογραφικό υλικό ανήλικεςξεσκίζω οικογένειεςξεφτιλίζω παιδιας τοποθεσία καφενείο βουλής ελλήνα καλλιανος metoo metoogr,,,https://twitter.com/
1630769955.0,οκ δεκτό ξεχνώ λιγναδης διορισμένος κυβέρνηση διευθυντής εθνικός θεάτρος καταγγελία παραγραφείόλος καλας γεωργιαδης κομματικό στέλεχος βουλευτής κόμματος metoogr metoo,,,https://twitter.com/
1630769461.0,άρθρο μεταφέρθηκε φαίνεται καινούργιος λινκ  metoo metoogr καμιαμονη καμιαανοχη,,,https://twitter.com/
1630769166.0,διακινούμαι βίντεο θέληση ανήλικη ίντερνετ διακινείτε κιόλα συμμέτοχος διακίνηση πορνογραφικός υλικός ανηλίκας βιντεοσκόπησης σεμεδο καλλιανος metoo metoogr,,,https://twitter.com/
1630768971.0,συμφωνώ γεγονός εκλεγμένος πολιτικός είδος πορνογραφικό υλικό ανήλικας προώθώ βρίζω ταυτόχρονα ανήλικας χυδαίος τρόπο αναρρωτιάμαι φεύγω νέος καλλιανος metoogr metoo,,,https://twitter.com/
1630768557.0,βγαίνω τρύπας φίλος καλλιανος metoo metoogr μπλοκ αναφοράς καλλιανος,,,https://twitter.com/
1630767585.0,φιλιππίδη ειρωνευάμαι θέμα σεξουαλικός παρενόχληση σειρά κλειδί σεζόν παίζω παπαχαραλάμπους βρετάνιας παράσταση ηλίθιος metoo,,,https://twitter.com/
1630765879.0,metoo,,,https://twitter.com/
1630764126.0,δεύτερη μουφα καταγγελία βιασμός εβδομάδα ακολουθησω βρεθώ εύκολος τρόπος χρήμα κατακραυγός αναμένω metoo τοποθέτηση,,,https://twitter.com/
1630763874.0,metoo παρακαλώ report τύπισσα ανεβάζω φωτογραφία ανήλικη εγγονή πηγαίνω παιδεραστής γράφει απρέπεια,,,https://twitter.com/
1630763480.0,κόρη εξευτελίζω βουλευτής δημόσιο δώσω παιδείαδεν μαζεύωότι πηδιέμαι 200 ευρώ καταγγέλω βιασμούς iphone θεός φύλαξε καλλιανος metoo metoogr megatv,,,https://twitter.com/
1630762805.0,απίστευτη καφρίλα ακαουντ ονοματεπώνυμος ντροπής ρε metoo metoogr,,,https://twitter.com/
1630762033.0,διάβασα διάρκειας κατάθεση 17χρονη κατήγγειλε ομαδικό βιασμός ανακρίτρια γυναίκα ρώτώ ανέβαζε φωτογραφία κοινωνικά δίκτυα φορώ προκλητικά ρούχα πιστεύω υπάρχω ελπίδα metoo metoogr σεμεδο,,,https://twitter.com/
1630761854.0,καλλιανος υπόλοιπος εμετικά έγραψε νόμισμα πλεον δυο όψη καταγγελία βιασμώνξέπλυνος επερχόμενες υπάρχων καταγγελία χαίρομαι νδ διαμάντιας μαζέψω metoo metoogr,,,https://twitter.com/
1630761643.0,μεγάλος μύνημας αντιγόνης σοφοκλής λέω πιστεύη έχη δίκιοεχω άλλοιοταν θεωρείς έχη δίκιος γίνεσαι τραγικό πρόσωποgreece metoo ελευθερια_λογος,,,https://twitter.com/
1630760735.0,εκ διευθυνση ακολουθω σεντονι ταγμενο συνεχιστε διαβαζω δικης ευθυνη χαίρω κάνω ελπίζω λίγος καιρός λέω έρθω storytime metoo εκφοβισμός πολλών συναφός gt,,,https://twitter.com/
1630758942.0,νομίζω καλλιανος ξερνοβολώ μισός αιλυνιόληδες μιλάνος κορίτσι επέμβω εισαγγελέα παραδοχή κατοχή csam εκ μέρος περιμένω metoo metoogr νδ_ξεφτιλες λιγνάδη νίκος_γεωργιάδης,,,https://twitter.com/
1630758790.0,φανταστικό διαδίδω πορνογραφικό υλικό βουλευτής κυβέρνηση φανταστικό κινούμαι αστυνομία εισαγγελέα μαζέψω βάζω χέρι συνεχιζόμενη κακοποίηση παιδί metoogr metoo σεμεδο,,,https://twitter.com/
1630757094.0,νέος κινηματογραφικός παραγωγή θεσσαλονίκης μεγαλύτερος μπαντέρα  metoo κρουσματας kalokairinot thessaloniki kalokairimazi αττικη κρυονερι athen αυτοκίνητο στάση,,,https://twitter.com/
1630751428.0,καταλαβαίνω νοιάζει φαίνεται κουμάσι metoo metoogr καλλιάνος σεμεδο,,,https://twitter.com/
1630748676.0,αναφοράς ξέρετε ενημερώστε κοντινού ελπίζω παιδί metoo σεμεδο παιδοφιλιας metoogr,,,https://twitter.com/
1630748380.0,περηφάνια αηδιάζω metoo,,,https://twitter.com/
1630747583.0,σκουπίδι αυτος ντεμεκ μετεωρολόγος σεμεδο metoo metoogr,,,https://twitter.com/
1630746980.0,καλό υπόθεση μπεκατώρος ξεβρακώθηκαν σεξιστικά καθίκι κρυβόντουσαν τόσοκομψάς κακό υπάρχω τοοοοοοοοοοσας μπεκατωρος καμια_μονη metoo metoogr σεμεδο νδ,,,https://twitter.com/
1630745691.0,νδ υπάρχω γυναίκα αντιδράσω καλλιάνος metoo,,,https://twitter.com/
1630744708.0,καλλιάνος παραιτούμαι εξαφανιστώ πολιτική ζωή χώρα ανάρτησής έδειξε ξεκαθαρος βλέπω κυβέρνηση θέμα βιασμός  metoo metoogr σεμεδο καμιαανοχη,,,https://twitter.com/
1630739140.0,στέλλας αργυρίου κοινωνία σταματώ συζητώ  ysterografa υστερογραφας metoo metoogr stellaargyriou,,,https://twitter.com/
1630739121.0,στέλλας αργυρίου κοινωνία σταματώ συζητώ  ysterografa υστερογραφας metoo metoogr stellaargyriou,,,https://twitter.com/
1630738221.0,κοινωνία χάσω υπομονή σταματώ συζητώ βρίσκω βία εύκολη διέξοδοης πανδημίος βία ζούω χρειάζομαι πρόληψη υπάρχω εμβόλιο αντιμετωπιστώ αποτελεσματικάστων σκαϊ γιώργος αυτί metoo metoogr skaitvgr georgepsillias,,,https://twitter.com/
1630735118.0,καιρός θεσσαλονίκη  metoo κρουσματας kalokairinot thessaloniki kalokairimazi ert αττικη κρυονερι athen αυτοκίνητο στάση,,,https://twitter.com/
1630734576.0,προσωρινός απαγόρευσης ενέργεια ενταφιασμός μίκηθεοδωράκη  metoo κρουσματας kalokairinot thessaloniki ert kalokairimazi αττικη κρυονερι athen αυτοκίνητο στάση,,,https://twitter.com/
1630734181.0,εργασία καθαρισμός βδομάδα περιφερειακός μουδανίας  metoo κρουσματας kalokairinot thessaloniki ert kalokairimazi erttokyo2020 αττικη κρυονερι athen αυτοκίνητο στάση,,,https://twitter.com/
1630712692.0,θλίψη metoogr metoo,,,https://twitter.com/
1630711858.0,βιασμούς γυναικοκτονιας βγαίνω υπουργός μιλώ δικαιοσύνη αποφανθώ λέτε σωπάσω κακοχαρακτηριζω βάζω προτεραιότητα ασφάλεια θύμα ντροπής metoo metoogr,,,https://twitter.com/
1630710315.0,φάνε πουτσας δύο πουτανακιας νόμιζε παρτουζα πάρω μίζερη ζωή τρώω φράγκο πόσας κιλό σκατας έχη μυαλό σος πιστεύη σεμέδο metoo metoogr κουγια πουτανακι olympiacosfc,,,https://twitter.com/
1630701465.0,έγραψες παλιανθρωπος χεστηκας απειλή μυνησεωνεισαι ξεφτιλισμενος αληταραςένος σκουπίδιτο σκατο μαρινακηκοπρίτη βοθρος σεμεδο καλλιανος μμε_ξεφτιλες αρδ metoo koinoniaoramega νδ_ξεφτιλες νδ_the_end μητσοτακη_γαμιεσαι κυβερνηση_συμμοριας,,,https://twitter.com/
1630698489.0,παρατηρώ σχόλια μαλέσκος τρόπο μιλάω εμφάνισης account στηρίζω metoo καταδικάζω επίθεση τιμάω,,,https://twitter.com/
1630696736.0,αρχίσω amώ μάνης βραδιάτικο metoo κι κακοποίηση γυναίκα έλεος gitiselias,,,https://twitter.com/
1630695674.0,τηέλ μητούδας μετα νεα σεμεδο metoo metoogr,,,https://twitter.com/
1630694914.0,ζούω κοινωνία βουλευτής αποκαλώ φιλήδονη αδέσποτης δυο ανηλικας επαναλαμβάνω βουλευτη έγραψε status δημόσιο αποκαλώ φιλήδονες αγοραίας ανηλικας δημοσιεύω φωτογραφιας ζω metoo καλλιανος τι_ψηφισατε_ρε_μαλακας,,,https://twitter.com/
1630692410.0,ευκαιρία μάθω νέες γυναίκα σημαίνω νδ κρύβω γραβάτα κύριος σεμεδο σεμέδο metoo κυβερνηση_μητσοτακης,,,https://twitter.com/
1630691161.0,πραγματικός καλλιάνος συνέχεια ανέλαβαν δικηγόροι image maker μαζέψω metoo,,,https://twitter.com/
1630690621.0,ελληνικός κοινωνία νοσεί βασικά νοσούσος βαριά αφορώ δικαιώματας γυναίκα ισότητα φύλο πόσο αφορώ σεξ metoo,,,https://twitter.com/
1630689931.0,υπάρχω λόγια ικανά περιγράψω ξεπεσμός πολιτική ταυτότητα τόπος ντροπής υπάρχω λόγια συγνώμη ντροπής metoo metoogr,,,https://twitter.com/
1630689345.0,μ μ γαμησας σεμεδο metoo metoogr,,,https://twitter.com/
1630688347.0,εξακολουθώ ρε ντρέπομαι σημερινος βιντεο στ αμαξι στείλω 1000000000 φορά τζιμπόλμπααααααααααα free_semedo σεμεδο metoo metoogr,,,https://twitter.com/
1630686478.0,περιμένω διαφορετικό κόμμα μέλος πηγαίνω 17χρονα παρτουζακιας πληρώνω εκμεταλλευομενος κατάστασής κόμμα καλύπτω παιδοβιαστός σεμεδο καλλιανος metoogr metoo,,,https://twitter.com/
1630685770.0,ισπανίος καταδικάζομαι ενδοοικογενειακός έμφυλη βία δικαίωμα επισκέπτομαι παιδί  metoo metoogr,,,https://twitter.com/
1630685689.0,εύβοια 54χρονος ξυλοκόπώ άγρια σύζυγός  metoo metoogr χαλκίδας,,,https://twitter.com/
1630684090.0,βουλευτής κώλος metoogr metoo απίστευτες χυδαιότητα βάρος 17χρονη υπόθεση σεμέδο,,,https://twitter.com/
1630682123.0,βλάκας ηλίθιος βιαστής προχωρώ παραπέρα σκηνικό κάνω κακό metoo σεμέδο,,,https://twitter.com/
1630679786.0,θεσσαλονίκης έρευνα 62χρονο ψαράς αγνοούμαι θερμαϊκό  metoo κρουσματας kalokairinot thessaloniki ert kalokairimazi αττικη κρυονερι athen αυτοκίνητο στάση,,,https://twitter.com/
1630679169.0,ειναι ξεραν λιγναδης θελαν υπερασπιστω ελληνικο metoo,,,https://twitter.com/
1630678977.0,κούγιας καλλιάνος χυδαίος ανάρτηση βουλευτής ανήλικη 17χρονης metoo  χρήστης netakias,,,https://twitter.com/
1630678925.0,ανακαλώ κακό λέω σεμεδο κοπέλα πουτανί metoo,,,https://twitter.com/
1630678629.0,προσπαθώ metoo υγτα σχόλιο κι ελεύθερα σεμέδο καλλιάνος 17χρονη καταγγέλλω βιασμός βγάλω φράγκο αγοράσω iphone thecaller,,,https://twitter.com/
1630677491.0,αρχή σκοπός πίστεψε εχέφρας metoo χυδαίος υποκρισία ξεκαθάρισμα λογαριασμής απασχολώ πραγματικά θύμα παρενόχληση,,,https://twitter.com/
1630677112.0,συνεχίσω metoo τρέχω μύγες σκατάς φορά σκάω είδησης τέλος νομίζω κόσμος φτιάχτηκε χασταγκ απαξιώσω βάθος χρόνος πραγματικά θύμα κακοποίηση,,,https://twitter.com/
1630674252.0,κούγιας καλλιάνος χυδαίος ανάρτηση βουλευτής ανήλικη 17χρονης metoo,,,https://twitter.com/
1630674225.0,κούγιας καλλιάνος χυδαίος ανάρτηση βουλευτής ανήλικη 17χρονης metoo,,,https://twitter.com/
1630674225.0,κούγιας καλλιάνος χυδαίος ανάρτηση βουλευτής ανήλικη 17χρονης metoo,,,https://twitter.com/
1630674123.0,λέω metoo νιώθω αλλαγή αέρας πέφτω τείχος βερολίνος έρχομαι τέλος απαρτχάιντ γυναίκα τζέιν κάμπιον παγκόσμιος πρεμιέρα the power of the dog  venezia78,,,https://twitter.com/
1630672329.0,metoo απαράδεκτοείναι θλιβερόνασβήνω γυναίκα απο χέρι συντρόφωνειναι άδικοειναι ντροπιαστικο κοινωνίαμην αποστρεφω βλέμμα πέσω αντίληψη συμβαίνει σπίτι μαςειναιτιμήνος γλιτώση ζωή υποφέρω πάνδειναμιληστος,,,https://twitter.com/
1630671901.0,metoo πηγαίνω δύο 19 φορά τμήμα κυπαρισσιας καταγγείλω κακοποιησηκ λοιπόννιπτω τας χείρα αστυνομικοί συμπολιτεςκ βρέθηκε τσιμεντωμενη σύντροφο τηςμε πόλη ξέρειπού αυτος προλάβουνείναι τραγικός συνενοχος,,,https://twitter.com/
1630671013.0,φεμινοποιημένος μιλώντας λεγόμενη πουτσας ξυλο metoo mybodymychoice,,,https://twitter.com/
1630669925.0,κρούσμα μετάλλαξη μ ελλαδας  metoo κρουσματας kalokairinot thessaloniki ert kalokairimazi erttokyo2020 αττικη κρυονερι athen αυτοκίνητο στάση,,,https://twitter.com/
1630668690.0,κι άλλοοο metoo metoogr καμιαμονη καμιαανοχης,,,https://twitter.com/
1630663379.0,σκοτώνω νταής κορίτσι avmag τοπαλούδη metoo γυναικοκτονίας,,,https://twitter.com/
1630659765.0,ξέρω βιαστέςσυνήθως επιλέγω γυναίκα δικηγόρουςαυτός metoo metoogr,,,https://twitter.com/
1630658705.0,metoo απο θετικά αποτελέσματας σέρνω αρνητικάα βγάζω επιπόλαια συμπεράσματας υποψία υπάρχω γυναίκα μπορώ εκμεταλλεύομαι κίνημας οικονομικό όφελος καλωσόρισες ζωήσεμεδο,,,https://twitter.com/
1630658378.0,συναίνεση βιασμός metoo,,,https://twitter.com/
1630657415.0,κανά metoo οχι ε υποκρισία,,,https://twitter.com/
1630651374.0,τουιτεραδας αναρωτιέμαι ζητώ συγγνωμης σεμέδος ανήγαγαν είδος χίτλερ metoo αγγελικά πλασμένος φαίνεται περίπτωση βλέπω μπορώ λειτουργώ απειλητικά σκοπός εκταμίευσης χρημάτας,,,https://twitter.com/
1630647734.0,σεισμός τωρας θήβας  metoo κρουσματας kalokairinot thessaloniki ert ασφαλιστικος kalokairimazi eszan αττικη κρυονερι athen αυτοκίνητο στάση,,,https://twitter.com/
1630646682.0,europa league σεμέδο ευρωπαϊκός λίστα ολυμπιακός  metoo κρουσματας kalokairinot thessaloniki kalokairimazi αττικη κρυονερι athen αυτοκίνητο στάση,,,https://twitter.com/
1630632582.0,υπόθεση semedo καλος μάθημα προτρέχω βιαστικά συμπεράσματας άσχημο γυναίκα κακοποιούμαι άσχημο κίνημας metoo χρησιμοποιούμαι μέσος εκβιασμός όσεςόσους βλέπω ευκαιρία οικονομικό όφελος,,,https://twitter.com/
